userId;id;title;completed
10;200;ipsam aperiam voluptates qui;False
10;200;ipsam aperiam voluptates qui;False
10;200;ipsam aperiam voluptates qui;False
10;200;ipsam aperiam voluptates qui;False
10;200;ipsam aperiam voluptates qui;False
10;200;ipsam aperiam voluptates qui;False
10;200;ipsam aperiam voluptates qui;False
10;200;ipsam aperiam voluptates qui;False
10;200;ipsam aperiam voluptates qui;False
10;200;ipsam aperiam voluptates qui;False
10;200;ipsam aperiam voluptates qui;False
10;200;ipsam aperiam voluptates qui;False
10;200;ipsam aperiam voluptates qui;False
10;200;ipsam aperiam voluptates qui;False
10;200;ipsam aperiam voluptates qui;False
10;200;ipsam aperiam voluptates qui;False
10;200;ipsam aperiam voluptates qui;False
10;200;ipsam aperiam voluptates qui;False
10;200;ipsam aperiam voluptates qui;False
10;200;ipsam aperiam voluptates qui;False
10;200;ipsam aperiam voluptates qui;False
10;200;ipsam aperiam voluptates qui;False
10;200;ipsam aperiam voluptates qui;False
10;200;ipsam aperiam voluptates qui;False
10;200;ipsam aperiam voluptates qui;False
10;200;ipsam aperiam voluptates qui;False
10;200;ipsam aperiam voluptates qui;False
10;200;ipsam aperiam voluptates qui;False
10;200;ipsam aperiam voluptates qui;False
10;200;ipsam aperiam voluptates qui;False
10;200;ipsam aperiam voluptates qui;False
10;200;ipsam aperiam voluptates qui;False
10;200;ipsam aperiam voluptates qui;False
10;200;ipsam aperiam voluptates qui;False
10;200;ipsam aperiam voluptates qui;False
10;200;ipsam aperiam voluptates qui;False
10;200;ipsam aperiam voluptates qui;False
10;200;ipsam aperiam voluptates qui;False
10;200;ipsam aperiam voluptates qui;False
10;200;ipsam aperiam voluptates qui;False
10;200;ipsam aperiam voluptates qui;False
10;200;ipsam aperiam voluptates qui;False
10;200;ipsam aperiam voluptates qui;False
10;200;ipsam aperiam voluptates qui;False
10;200;ipsam aperiam voluptates qui;False
10;200;ipsam aperiam voluptates qui;False
10;200;ipsam aperiam voluptates qui;False
10;200;ipsam aperiam voluptates qui;False
10;200;ipsam aperiam voluptates qui;False
10;200;ipsam aperiam voluptates qui;False
10;200;ipsam aperiam voluptates qui;False
10;200;ipsam aperiam voluptates qui;False
10;200;ipsam aperiam voluptates qui;False
10;200;ipsam aperiam voluptates qui;False
10;200;ipsam aperiam voluptates qui;False
10;200;ipsam aperiam voluptates qui;False
10;200;ipsam aperiam voluptates qui;False
10;200;ipsam aperiam voluptates qui;False
10;200;ipsam aperiam voluptates qui;False
10;200;ipsam aperiam voluptates qui;False
10;200;ipsam aperiam voluptates qui;False
10;200;ipsam aperiam voluptates qui;False
10;200;ipsam aperiam voluptates qui;False
10;200;ipsam aperiam voluptates qui;False
10;200;ipsam aperiam voluptates qui;False
10;200;ipsam aperiam voluptates qui;False
10;200;ipsam aperiam voluptates qui;False
10;200;ipsam aperiam voluptates qui;False
10;200;ipsam aperiam voluptates qui;False
10;200;ipsam aperiam voluptates qui;False
10;200;ipsam aperiam voluptates qui;False
10;200;ipsam aperiam voluptates qui;False
10;200;ipsam aperiam voluptates qui;False
10;200;ipsam aperiam voluptates qui;False
10;200;ipsam aperiam voluptates qui;False
10;200;ipsam aperiam voluptates qui;False
10;200;ipsam aperiam voluptates qui;False
10;200;ipsam aperiam voluptates qui;False
10;200;ipsam aperiam voluptates qui;False
10;200;ipsam aperiam voluptates qui;False
10;200;ipsam aperiam voluptates qui;False
10;200;ipsam aperiam voluptates qui;False
10;200;ipsam aperiam voluptates qui;False
10;200;ipsam aperiam voluptates qui;False
10;200;ipsam aperiam voluptates qui;False
10;200;ipsam aperiam voluptates qui;False
10;200;ipsam aperiam voluptates qui;False
10;200;ipsam aperiam voluptates qui;False
10;200;ipsam aperiam voluptates qui;False
10;200;ipsam aperiam voluptates qui;False
10;200;ipsam aperiam voluptates qui;False
10;200;ipsam aperiam voluptates qui;False
10;200;ipsam aperiam voluptates qui;False
10;200;ipsam aperiam voluptates qui;False
10;200;ipsam aperiam voluptates qui;False
10;200;ipsam aperiam voluptates qui;False
10;200;ipsam aperiam voluptates qui;False
10;200;ipsam aperiam voluptates qui;False
10;200;ipsam aperiam voluptates qui;False
10;200;ipsam aperiam voluptates qui;False
10;200;ipsam aperiam voluptates qui;False
10;200;ipsam aperiam voluptates qui;False
10;200;ipsam aperiam voluptates qui;False
10;200;ipsam aperiam voluptates qui;False
10;200;ipsam aperiam voluptates qui;False
10;200;ipsam aperiam voluptates qui;False
10;200;ipsam aperiam voluptates qui;False
10;200;ipsam aperiam voluptates qui;False
10;200;ipsam aperiam voluptates qui;False
10;200;ipsam aperiam voluptates qui;False
10;200;ipsam aperiam voluptates qui;False
10;200;ipsam aperiam voluptates qui;False
10;200;ipsam aperiam voluptates qui;False
10;200;ipsam aperiam voluptates qui;False
10;200;ipsam aperiam voluptates qui;False
10;200;ipsam aperiam voluptates qui;False
10;200;ipsam aperiam voluptates qui;False
10;200;ipsam aperiam voluptates qui;False
10;200;ipsam aperiam voluptates qui;False
10;200;ipsam aperiam voluptates qui;False
10;200;ipsam aperiam voluptates qui;False
10;200;ipsam aperiam voluptates qui;False
10;200;ipsam aperiam voluptates qui;False
10;200;ipsam aperiam voluptates qui;False
10;200;ipsam aperiam voluptates qui;False
10;200;ipsam aperiam voluptates qui;False
10;200;ipsam aperiam voluptates qui;False
10;200;ipsam aperiam voluptates qui;False
10;200;ipsam aperiam voluptates qui;False
10;200;ipsam aperiam voluptates qui;False
10;200;ipsam aperiam voluptates qui;False
10;200;ipsam aperiam voluptates qui;False
10;200;ipsam aperiam voluptates qui;False
10;200;ipsam aperiam voluptates qui;False
10;200;ipsam aperiam voluptates qui;False
10;200;ipsam aperiam voluptates qui;False
10;200;ipsam aperiam voluptates qui;False
10;200;ipsam aperiam voluptates qui;False
10;200;ipsam aperiam voluptates qui;False
10;200;ipsam aperiam voluptates qui;False
10;200;ipsam aperiam voluptates qui;False
10;200;ipsam aperiam voluptates qui;False
10;200;ipsam aperiam voluptates qui;False
10;200;ipsam aperiam voluptates qui;False
10;200;ipsam aperiam voluptates qui;False
10;200;ipsam aperiam voluptates qui;False
10;200;ipsam aperiam voluptates qui;False
10;200;ipsam aperiam voluptates qui;False
10;200;ipsam aperiam voluptates qui;False
10;200;ipsam aperiam voluptates qui;False
10;200;ipsam aperiam voluptates qui;False
10;200;ipsam aperiam voluptates qui;False
10;200;ipsam aperiam voluptates qui;False
10;200;ipsam aperiam voluptates qui;False
10;200;ipsam aperiam voluptates qui;False
10;200;ipsam aperiam voluptates qui;False
10;200;ipsam aperiam voluptates qui;False
10;200;ipsam aperiam voluptates qui;False
10;200;ipsam aperiam voluptates qui;False
10;200;ipsam aperiam voluptates qui;False
10;200;ipsam aperiam voluptates qui;False
10;200;ipsam aperiam voluptates qui;False
10;200;ipsam aperiam voluptates qui;False
10;200;ipsam aperiam voluptates qui;False
10;200;ipsam aperiam voluptates qui;False
10;200;ipsam aperiam voluptates qui;False
10;200;ipsam aperiam voluptates qui;False
10;200;ipsam aperiam voluptates qui;False
10;200;ipsam aperiam voluptates qui;False
10;200;ipsam aperiam voluptates qui;False
10;200;ipsam aperiam voluptates qui;False
10;200;ipsam aperiam voluptates qui;False
10;200;ipsam aperiam voluptates qui;False
10;200;ipsam aperiam voluptates qui;False
10;200;ipsam aperiam voluptates qui;False
10;200;ipsam aperiam voluptates qui;False
10;200;ipsam aperiam voluptates qui;False
10;200;ipsam aperiam voluptates qui;False
10;200;ipsam aperiam voluptates qui;False
10;200;ipsam aperiam voluptates qui;False
10;200;ipsam aperiam voluptates qui;False
10;200;ipsam aperiam voluptates qui;False
10;200;ipsam aperiam voluptates qui;False
10;200;ipsam aperiam voluptates qui;False
10;200;ipsam aperiam voluptates qui;False
10;200;ipsam aperiam voluptates qui;False
10;200;ipsam aperiam voluptates qui;False
10;200;ipsam aperiam voluptates qui;False
10;200;ipsam aperiam voluptates qui;False
10;200;ipsam aperiam voluptates qui;False
10;200;ipsam aperiam voluptates qui;False
10;200;ipsam aperiam voluptates qui;False
10;200;ipsam aperiam voluptates qui;False
10;200;ipsam aperiam voluptates qui;False
10;200;ipsam aperiam voluptates qui;False
10;200;ipsam aperiam voluptates qui;False
10;200;ipsam aperiam voluptates qui;False
10;200;ipsam aperiam voluptates qui;False
10;200;ipsam aperiam voluptates qui;False
10;200;ipsam aperiam voluptates qui;False
